PROV,KABKOTA,CABANG,nps_score,csi_num,loyalty_num,emotion_positive_score,emotion_negative_score,emotion_net,n_responden,ovr_operasional,ovr_parkir,ovr_banking_hall,ovr_toilet,ovr_sekuriti,ovr_teller,ovr_cs
Bali,Denpasar,Denpasar 1,94.4,6.0,5.889,5.5,3.015873015873016,2.484126984126984,18,5.722222222222222,5.833333333333333,5.833333333333333,5.944444444444445,5.944444444444445,5.9411764705882355,5.666666666666667
Bali,Denpasar,Denpasar 2,100.0,6.0,6.0,5.62962962962963,3.3968253968253967,2.2328042328042326,9,5.666666666666667,5.777777777777778,5.666666666666667,5.777777777777778,5.888888888888889,5.777777777777778,5.777777777777778
Banten,Cilegon,Cilegon 1,77.8,5.889,5.778,5.839506172839506,1.365079365079365,4.474426807760142,9,6.0,6.222222222222222,6.0,6.0,5.888888888888889,5.833333333333333,6.0
Banten,Cilegon,Cilegon 2,94.4,6.0,5.944,5.969135802469136,1.7063492063492065,4.26278659611993,18,6.0,6.0,6.0,5.944444444444445,6.0,6.0,6.0
Banten,Lebak,Lebak 1,100.0,6.0,6.0,5.962962962962963,1.1666666666666667,4.796296296296296,18,6.0,6.0,6.0,6.0,6.0,6.0,6.0
Banten,Lebak,Lebak 2,44.4,5.444,5.333,4.950617283950617,2.7936507936507935,2.1569664902998236,9,5.555555555555555,5.222222222222222,5.333333333333333,5.222222222222222,5.555555555555555,5.5,5.4
Banten,Pandeglang,Pandeglang 1,94.4,6.0,6.0,5.919753086419753,1.150793650793651,4.768959435626103,18,6.0,5.888888888888889,5.944444444444445,5.944444444444445,6.0,5.909090909090909,6.0
Banten,Pandeglang,Pandeglang 2,88.9,6.0,5.889,5.6913580246913575,1.5396825396825398,4.151675485008819,9,5.888888888888889,5.444444444444445,5.777777777777778,5.666666666666667,5.888888888888889,5.8,6.0
Banten,Pandeglang,Pandeglang 3,100.0,6.0,5.944,5.969135802469136,1.1349206349206349,4.834215167548501,18,6.0,5.833333333333333,5.833333333333333,5.944444444444445,6.0,6.0,6.0
Banten,Pandeglang,Pandeglang 4,88.9,5.889,5.889,5.888888888888889,1.0634920634920635,4.825396825396826,9,5.888888888888889,5.333333333333333,5.888888888888889,5.888888888888889,5.888888888888889,5.8,6.0
Banten,Serang,Serang 1,88.9,6.0,5.944,5.962962962962963,1.1031746031746033,4.85978835978836,18,5.833333333333333,6.0,5.944444444444445,5.944444444444445,6.0,6.0,5.909090909090909
Banten,Serang,Serang 2,77.8,5.889,5.778,5.938271604938271,1.3333333333333333,4.604938271604938,9,5.777777777777778,5.555555555555555,5.888888888888889,5.777777777777778,5.777777777777778,6.0,6.0
Banten,Tangerang,Tangerang 1,88.9,5.944,5.944,5.765432098765432,3.642857142857143,2.1225749559082896,18,5.888888888888889,5.944444444444445,5.944444444444445,6.0,6.0,5.875,5.8
Banten,Tangerang,Tangerang 2,55.6,5.889,6.0,5.604938271604938,1.9523809523809526,3.6525573192239857,9,5.333333333333333,5.111111111111111,5.444444444444445,5.444444444444445,5.666666666666667,5.75,5.833333333333333
Banten,Tangerang,Tangerang 3,11.1,5.333,5.111,5.0246913580246915,1.5873015873015872,3.437389770723104,9,5.111111111111111,5.111111111111111,5.111111111111111,5.333333333333333,5.111111111111111,5.125,5.111111111111111
Banten,Tangerang,Tangerang 4,88.9,5.944,6.0,5.796296296296296,3.087301587301587,2.708994708994709,18,5.944444444444445,5.888888888888889,5.944444444444445,6.0,6.0,6.0,6.0
Banten,Tangerang Selatan,Tangerang Selatan 1,55.6,6.0,6.0,5.580246913580247,1.0952380952380953,4.485008818342152,9,5.777777777777778,5.777777777777778,5.777777777777778,5.777777777777778,5.777777777777778,6.0,5.8
Banten,Tangerang Selatan,Tangerang Selatan 2,88.9,6.0,6.0,5.95679012345679,1.2063492063492065,4.750440917107584,18,6.0,5.944444444444445,5.944444444444445,6.0,6.0,6.0,6.0
DKI Jakarta,Jakarta Barat,Jakarta Barat 1,55.6,5.556,5.444,5.382716049382716,4.380952380952381,1.0017636684303353,9,5.444444444444445,5.333333333333333,5.222222222222222,5.333333333333333,5.666666666666667,5.333333333333333,5.6
DKI Jakarta,Jakarta Barat,Jakarta Barat 2,66.7,5.667,5.667,5.65432098765432,2.5555555555555554,3.0987654320987654,9,5.666666666666667,5.777777777777778,5.888888888888889,6.0,5.555555555555555,5.4,6.0
DKI Jakarta,Jakarta Barat,Jakarta Barat 3,77.8,5.833,5.833,5.790123456790123,2.746031746031746,3.044091710758378,18,6.0,5.944444444444445,6.0,5.944444444444445,6.0,5.888888888888889,6.0
DKI Jakarta,Jakarta Barat,Jakarta Barat 4,22.2,5.444,5.222,5.209876543209877,1.8412698412698414,3.368606701940035,9,5.222222222222222,5.111111111111111,5.555555555555555,5.666666666666667,5.888888888888889,5.6,5.666666666666667
DKI Jakarta,Jakarta Barat,Jakarta Barat 5,77.8,6.0,6.0,5.722222222222222,2.412698412698413,3.3095238095238098,18,5.833333333333333,5.888888888888889,5.944444444444445,5.944444444444445,6.0,6.0,5.9
DKI Jakarta,Jakarta Barat,Jakarta Barat 6,16.7,5.111,5.111,5.234567901234568,4.404761904761905,0.8298059964726632,18,5.111111111111111,5.0,5.166666666666667,5.166666666666667,5.166666666666667,5.333333333333333,5.111111111111111
DKI Jakarta,Jakarta Pusat,Jakarta Pusat 1,38.9,5.722,5.722,5.339506172839506,2.6904761904761907,2.6490299823633157,18,5.166666666666667,5.333333333333333,5.333333333333333,5.611111111111111,5.777777777777778,5.555555555555555,5.8
DKI Jakarta,Jakarta Selatan,Jakarta Selatan 1,100.0,6.0,6.0,6.0,1.1857142857142857,4.814285714285714,10,6.0,6.0,6.0,6.0,6.0,6.0,6.0
DKI Jakarta,Jakarta Selatan,Jakarta Selatan 2,61.1,5.667,5.722,5.5740740740740735,1.7936507936507935,3.7804232804232805,18,5.777777777777778,5.611111111111111,5.833333333333333,5.611111111111111,5.722222222222222,5.777777777777778,6.0
DKI Jakarta,Jakarta Selatan,Jakarta Selatan 3,88.9,6.0,6.0,6.0,1.1587301587301588,4.841269841269841,9,6.0,6.0,6.0,6.0,6.0,6.0,6.0
DKI Jakarta,Jakarta Selatan,Jakarta Selatan 4,68.4,5.895,5.632,5.6725146198830405,1.7819548872180448,3.890559732664996,19,5.894736842105263,5.842105263157895,5.947368421052632,5.894736842105263,5.947368421052632,5.888888888888889,6.0
DKI Jakarta,Jakarta Selatan,Jakarta Selatan 5,88.9,5.833,5.778,5.4567901234567895,2.174603174603175,3.2821869488536155,18,5.888888888888889,5.944444444444445,6.055555555555555,6.166666666666667,6.0,5.916666666666667,5.9
DKI Jakarta,Jakarta Timur,Jakarta Timur 1,100.0,6.0,6.0,6.0,1.0793650793650793,4.920634920634921,9,6.0,6.0,6.0,6.0,6.0,6.0,6.0
DKI Jakarta,Jakarta Timur,Jakarta Timur 2,66.7,6.0,6.0,5.969135802469136,1.6428571428571428,4.326278659611993,18,6.0,6.0,6.0,6.0,6.0,6.0,6.0
DKI Jakarta,Jakarta Timur,Jakarta Timur 3,77.8,6.0,6.0,5.814814814814815,1.1904761904761905,4.624338624338624,9,5.888888888888889,5.888888888888889,5.888888888888889,5.888888888888889,5.888888888888889,6.0,6.0
DKI Jakarta,Jakarta Utara,Jakarta Utara 1,55.6,6.0,5.778,5.37037037037037,1.492063492063492,3.878306878306878,9,5.333333333333333,5.111111111111111,5.333333333333333,5.333333333333333,5.555555555555555,6.0,5.833333333333333
Jawa Barat,Bandung,Bandung 1,50.0,5.667,5.722,5.4753086419753085,1.2777777777777777,4.197530864197531,18,5.666666666666667,5.611111111111111,5.666666666666667,5.611111111111111,5.777777777777778,5.6,5.615384615384615
Jawa Barat,Bandung,Bandung 10,88.9,5.889,6.0,5.851851851851851,1.0793650793650793,4.772486772486772,9,6.0,5.666666666666667,5.777777777777778,5.888888888888889,6.0,6.0,6.0
Jawa Barat,Bandung,Bandung 11,77.8,5.833,5.556,5.395061728395062,1.619047619047619,3.776014109347443,18,5.777777777777778,5.666666666666667,5.833333333333333,5.833333333333333,5.944444444444445,5.888888888888889,5.666666666666667
Jawa Barat,Bandung,Bandung 12,88.9,6.0,6.0,5.987654320987654,1.0,4.987654320987654,9,6.0,5.777777777777778,6.0,6.0,6.0,6.0,6.0
Jawa Barat,Bandung,Bandung 13,88.9,6.0,6.0,5.814814814814815,1.0793650793650793,4.735449735449736,9,6.0,6.0,6.0,6.0,6.0,6.0,6.0
Jawa Barat,Bandung,Bandung 14,88.9,6.0,6.0,5.987654320987654,1.0793650793650793,4.908289241622575,9,6.0,5.888888888888889,6.0,6.0,6.0,6.0,6.0
Jawa Barat,Bandung,Bandung 15,88.9,6.0,6.0,6.0,1.1904761904761905,4.809523809523809,9,5.888888888888889,5.777777777777778,6.0,6.0,6.0,6.0,6.0
Jawa Barat,Bandung,Bandung 16,88.9,5.778,5.667,5.851851851851851,1.6825396825396826,4.169312169312169,9,5.777777777777778,5.777777777777778,5.777777777777778,5.777777777777778,5.888888888888889,5.6,6.0
Jawa Barat,Bandung,Bandung 2,88.9,5.778,5.833,5.777777777777778,1.2380952380952381,4.5396825396825395,18,5.833333333333333,5.888888888888889,5.833333333333333,5.833333333333333,6.0,5.866666666666666,5.666666666666667
Jawa Barat,Bandung,Bandung 3,94.4,5.944,6.0,5.932098765432098,1.0396825396825398,4.892416225749559,18,5.944444444444445,5.888888888888889,5.944444444444445,6.0,6.0,6.0,6.0
Jawa Barat,Bandung,Bandung 4,72.2,5.889,6.0,6.0,1.0,5.0,18,5.833333333333333,5.833333333333333,5.833333333333333,6.0,6.0,5.875,5.916666666666667
Jawa Barat,Bandung,Bandung 5,94.4,5.944,5.944,5.8765432098765435,1.7222222222222223,4.154320987654321,18,5.944444444444445,5.944444444444445,5.944444444444445,5.944444444444445,5.944444444444445,6.0,6.0
Jawa Barat,Bandung,Bandung 6,94.4,5.944,6.0,5.938271604938271,1.2380952380952381,4.700176366843034,18,5.944444444444445,5.833333333333333,5.888888888888889,5.888888888888889,6.0,6.0,6.0
Jawa Barat,Bandung,Bandung 7,100.0,5.778,5.556,5.209876543209877,1.8253968253968251,3.384479717813051,9,5.333333333333333,5.222222222222222,5.555555555555555,5.444444444444445,5.777777777777778,6.0,5.6
Jawa Barat,Bandung,Bandung 8,66.7,5.889,5.944,5.882716049382716,1.2698412698412698,4.612874779541446,18,5.944444444444445,5.944444444444445,5.944444444444445,5.944444444444445,5.944444444444445,6.0,5.888888888888889
Jawa Barat,Bandung,Bandung 9,100.0,6.0,5.889,5.814814814814815,1.0,4.814814814814815,9,6.0,5.777777777777778,6.0,5.888888888888889,6.0,6.0,6.0
Jawa Barat,Bandung Barat,Bandung Barat 1,88.9,5.944,5.889,5.660493827160494,1.4126984126984126,4.247795414462081,18,5.833333333333333,5.888888888888889,5.833333333333333,5.777777777777778,5.944444444444445,5.8,5.9
Jawa Barat,Bandung Barat,Bandung Barat 2,77.8,5.889,5.556,5.444444444444445,1.619047619047619,3.8253968253968256,9,5.444444444444445,5.444444444444445,5.444444444444445,5.666666666666667,5.444444444444445,5.8,5.5
Jawa Barat,Banjar,Banjar 1,100.0,6.0,6.0,5.993827160493827,1.007936507936508,4.98589065255732,18,6.0,6.0,6.0,6.0,6.0,6.0,6.0
Jawa Barat,Banjar,Banjar 2,100.0,6.0,6.0,6.0,1.0,5.0,9,6.0,5.888888888888889,6.0,6.0,6.0,6.0,6.0
Jawa Barat,Bekasi,Bekasi 1,77.8,6.0,6.0,6.0,1.3174603174603174,4.682539682539683,18,6.0,6.0,6.0,5.944444444444445,6.0,6.0,6.0
Jawa Barat,Bekasi,Bekasi 2,100.0,6.0,6.0,6.0,1.0,5.0,9,6.0,6.0,6.0,6.0,6.0,6.0,6.0
Jawa Barat,Bekasi,Bekasi 3,100.0,6.0,6.0,5.969135802469136,1.0,4.969135802469136,18,6.0,6.0,6.0,6.0,6.0,6.0,6.0
Jawa Barat,Bekasi,Bekasi 4,33.3,5.667,5.444,5.580246913580247,1.7619047619047619,3.8183421516754854,9,5.777777777777778,5.333333333333333,5.888888888888889,5.666666666666667,5.666666666666667,5.666666666666667,5.6
Jawa Barat,Bogor,Bogor 1,-22.2,5.111,5.222,4.839506172839506,1.952380952380952,2.887125220458554,9,4.555555555555555,4.777777777777778,4.111111111111111,4.222222222222222,5.111111111111111,5.2,5.0
Jawa Barat,Bogor,Bogor 2,50.0,5.889,5.889,5.469135802469136,1.619047619047619,3.850088183421517,18,5.944444444444445,5.944444444444445,5.888888888888889,5.888888888888889,5.944444444444445,6.0,5.888888888888889
Jawa Barat,Bogor,Bogor 3,94.4,6.0,5.944,5.95679012345679,1.3095238095238093,4.64726631393298,18,5.944444444444445,6.0,5.944444444444445,6.0,5.944444444444445,6.0,6.0
Jawa Barat,Bogor,Bogor 4,44.4,5.667,5.778,5.419753086419753,1.0952380952380953,4.324514991181658,9,5.555555555555555,5.555555555555555,5.777777777777778,5.666666666666667,5.888888888888889,6.0,5.0
Jawa Barat,Ciamis,Ciamis 1,100.0,6.0,6.0,6.0,1.0793650793650793,4.920634920634921,18,6.0,6.0,6.0,6.0,5.944444444444445,6.0,6.0
Jawa Barat,Ciamis,Ciamis 2,100.0,6.0,6.0,6.0,1.0793650793650793,4.920634920634921,9,6.0,6.0,6.0,6.0,6.0,6.0,6.0
Jawa Barat,Cianjur,Cianjur 1,72.2,5.889,5.889,5.5740740740740735,2.126984126984127,3.4470899470899474,18,5.722222222222222,5.666666666666667,5.666666666666667,5.888888888888889,5.888888888888889,6.0,5.333333333333333
Jawa Barat,Cianjur,Cianjur 2,100.0,6.0,6.0,6.0,1.1428571428571428,4.857142857142858,9,6.0,5.888888888888889,5.888888888888889,5.888888888888889,6.0,6.0,6.0
Jawa Barat,Cimahi,Cimahi 1,77.8,5.889,5.889,5.851851851851852,1.746031746031746,4.105820105820106,9,5.555555555555555,5.555555555555555,5.777777777777778,5.666666666666667,5.888888888888889,5.714285714285714,5.75
Jawa Barat,Cimahi,Cimahi 2,88.9,6.0,5.889,5.833333333333333,1.4761904761904763,4.357142857142858,18,5.944444444444445,5.944444444444445,6.0,5.944444444444445,5.944444444444445,6.0,6.0
Jawa Barat,Cirebon,Cirebon 1,88.9,6.0,6.0,5.938271604938271,1.1984126984126984,4.739858906525573,18,6.0,5.944444444444445,6.0,6.0,6.0,6.0,6.0
Jawa Barat,Cirebon,Cirebon 2,100.0,5.833,5.889,5.827160493827161,2.8412698412698414,2.9858906525573192,18,5.833333333333333,5.944444444444445,5.833333333333333,5.944444444444445,5.944444444444445,6.0,5.857142857142857
Jawa Barat,Cirebon,Cirebon 3,100.0,5.889,5.889,5.91358024691358,1.7936507936507935,4.119929453262787,9,6.0,6.0,6.0,6.0,6.0,6.0,6.0
Jawa Barat,Cirebon,Cirebon 4,55.6,5.667,6.0,5.876543209876543,1.8571428571428572,4.019400352733687,9,6.0,6.0,6.0,6.0,6.0,6.0,6.0
Jawa Barat,Depok,Depok 1,66.7,5.944,5.944,5.802469135802469,1.7222222222222223,4.080246913580247,18,6.0,5.944444444444445,6.0,5.944444444444445,6.0,6.0,6.0
Jawa Barat,Depok,Depok 2,66.7,5.889,5.889,5.9259259259259265,1.253968253968254,4.671957671957672,9,5.777777777777778,5.666666666666667,5.888888888888889,6.0,6.0,6.0,6.0
Jawa Barat,Garut,Garut 1,94.4,6.0,6.0,5.95679012345679,1.0793650793650793,4.877425044091711,18,6.0,5.944444444444445,6.0,5.944444444444445,6.0,6.0,5.909090909090909
Jawa Barat,Garut,Garut 2,100.0,6.0,6.0,6.0,1.0,5.0,9,6.0,5.888888888888889,6.0,6.0,6.0,6.0,6.0
Jawa Barat,Indramayu,Indramayu 1,100.0,6.0,6.0,5.888888888888889,1.746031746031746,4.142857142857142,9,6.0,6.0,6.0,6.0,6.0,6.0,6.0
Jawa Barat,Indramayu,Indramayu 2,77.8,6.0,6.0,5.679012345679013,1.9365079365079363,3.742504409171076,9,5.777777777777778,5.777777777777778,5.888888888888889,5.888888888888889,6.0,6.0,6.0
Jawa Barat,Indramayu,Indramayu 3,88.9,5.889,6.0,5.9259259259259265,1.4523809523809523,4.473544973544973,18,6.0,5.944444444444445,6.0,6.0,6.0,5.923076923076923,6.0
Jawa Barat,Indramayu,Indramayu 4,83.3,6.0,5.944,5.802469135802469,1.253968253968254,4.548500881834215,18,5.944444444444445,5.944444444444445,5.944444444444445,5.944444444444445,5.944444444444445,6.0,5.9
Jawa Barat,Karawang,Karawang 1,100.0,5.889,6.0,5.9259259259259265,1.2698412698412698,4.656084656084656,9,5.888888888888889,5.888888888888889,5.888888888888889,6.0,5.888888888888889,5.75,5.875
Jawa Barat,Karawang,Karawang 2,94.4,6.0,6.0,5.969135802469136,1.1984126984126984,4.7707231040564375,18,6.0,6.0,6.0,6.0,6.0,6.0,6.0
Jawa Barat,Kuningan,Kuningan 1,100.0,6.0,6.0,6.0,1.0,5.0,9,6.0,6.0,6.0,6.0,6.0,6.0,6.0
Jawa Barat,Kuningan,Kuningan 2,100.0,6.0,6.0,6.0,1.0,5.0,18,6.0,6.0,6.0,6.0,6.0,6.0,6.0
Jawa Barat,Majalengka,Majalengka 1,88.9,6.0,6.0,6.0,1.2698412698412698,4.73015873015873,9,6.0,6.0,6.0,5.888888888888889,6.0,5.857142857142857,6.0
Jawa Barat,Majalengka,Majalengka 2,88.9,5.833,5.778,5.895061728395062,1.1825396825396826,4.712522045855379,18,5.944444444444445,5.833333333333333,5.888888888888889,5.833333333333333,6.0,6.0,5.888888888888889
Jawa Barat,Pangandaran,Pangandaran 1,88.9,6.0,5.889,5.802469135802469,1.1904761904761907,4.6119929453262785,9,5.666666666666667,5.222222222222222,5.888888888888889,6.333333333333333,5.888888888888889,6.0,6.0
Jawa Barat,Pangandaran,Pangandaran 2,72.2,5.889,5.944,5.895061728395062,1.134920634920635,4.760141093474427,18,5.944444444444445,5.777777777777778,5.944444444444445,5.944444444444445,6.111111111111111,6.0,5.888888888888889
Jawa Barat,Purwakarta,Purwakarta 1,94.4,6.0,6.0,5.969135802469136,1.0158730158730158,4.95326278659612,18,5.944444444444445,6.0,6.0,6.0,6.0,6.0,6.0
Jawa Barat,Purwakarta,Purwakarta 2,100.0,6.0,6.0,6.0,1.0,5.0,9,6.0,6.0,6.0,6.0,6.0,6.0,6.0
Jawa Barat,Subang,Subang 1,88.9,6.0,6.0,5.962962962962963,1.0396825396825398,4.923280423280423,18,5.944444444444445,5.944444444444445,6.0,6.0,6.0,6.0,6.0
Jawa Barat,Subang,Subang 2,100.0,6.0,6.0,6.0,1.0793650793650793,4.920634920634921,9,6.0,5.888888888888889,5.888888888888889,6.0,6.0,6.0,6.0
Jawa Barat,Sukabumi,Sukabumi 1,77.8,6.0,6.0,5.888888888888889,1.5555555555555556,4.333333333333333,9,5.777777777777778,5.888888888888889,5.888888888888889,5.888888888888889,6.0,5.833333333333333,6.0
Jawa Barat,Sukabumi,Sukabumi 2,94.4,6.0,5.944,5.876543209876543,1.1825396825396826,4.694003527336861,18,6.0,6.0,6.0,5.944444444444445,6.0,6.0,6.0
Jawa Barat,Sukabumi,Sukabumi 3,77.8,6.0,6.0,5.827160493827161,1.7142857142857144,4.112874779541446,9,5.888888888888889,5.777777777777778,5.888888888888889,5.888888888888889,5.888888888888889,6.0,6.0
Jawa Barat,Sukabumi,Sukabumi 4,88.9,6.0,6.0,5.882716049382716,1.2063492063492065,4.6763668430335095,18,5.777777777777778,5.777777777777778,6.0,5.944444444444445,6.0,6.0,5.9
Jawa Barat,Sumedang,Sumedang 1,77.8,5.667,5.722,5.8086419753086425,1.0476190476190477,4.761022927689594,18,5.944444444444445,5.555555555555555,5.888888888888889,5.888888888888889,6.0,5.666666666666667,5.888888888888889
Jawa Barat,Sumedang,Sumedang 2,100.0,6.0,6.0,6.0,1.126984126984127,4.873015873015873,9,6.0,6.0,6.0,6.666666666666667,6.0,6.0,6.0
Jawa Barat,Sumedang,Sumedang 3,88.9,6.0,6.0,6.0,1.0,5.0,9,6.0,6.0,6.0,6.0,6.0,6.0,6.0
Jawa Barat,Sumedang,Sumedang 4,100.0,5.944,6.0,5.864197530864198,1.0396825396825398,4.824514991181657,18,6.0,5.888888888888889,6.0,6.166666666666667,6.0,6.0,5.888888888888889
Jawa Barat,Tasikmalaya,Tasikmalaya 1,100.0,6.0,6.0,5.993827160493827,1.0634920634920635,4.930335097001763,18,5.888888888888889,5.944444444444445,5.944444444444445,5.944444444444445,5.833333333333333,5.923076923076923,5.916666666666667
Jawa Barat,Tasikmalaya,Tasikmalaya 2,88.9,6.0,6.0,6.0,1.0952380952380953,4.904761904761905,9,6.0,5.888888888888889,6.0,6.0,6.0,6.0,6.0
Jawa Barat,Tasikmalaya,Tasikmalaya 3,100.0,6.0,6.0,6.0,1.0396825396825398,4.9603174603174605,18,6.0,6.0,5.944444444444445,6.0,6.0,6.0,6.0
Jawa Barat,Tasikmalaya,Tasikmalaya 4,100.0,6.0,6.0,5.9753086419753085,1.0952380952380953,4.880070546737213,9,6.0,6.0,6.0,5.888888888888889,6.0,6.0,5.833333333333333
Jawa Tengah,Banyumas,Banyumas 1,88.9,5.889,5.889,5.888888888888889,1.0,4.888888888888889,9,5.888888888888889,5.777777777777778,5.888888888888889,5.888888888888889,5.777777777777778,5.888888888888889,5.888888888888889
Jawa Tengah,Boyolali,Boyolali 1,44.4,5.889,5.556,5.814814814814815,1.2063492063492065,4.608465608465608,9,6.0,5.333333333333333,5.777777777777778,5.888888888888889,6.0,6.0,6.0
Jawa Tengah,Pekalongan,Pekalongan 1,88.9,6.0,6.0,5.962962962962963,1.0476190476190477,4.915343915343915,9,6.0,6.0,6.0,6.0,6.0,6.0,6.0
Jawa Tengah,Semarang,Semarang 1,66.7,5.611,5.722,5.5,5.436507936507937,0.06349206349206352,18,5.5,5.555555555555555,5.611111111111111,5.444444444444445,5.444444444444445,5.6,5.1
Jawa Tengah,Semarang,Semarang 2,0.0,5.0,5.0,5.0,5.0,0.0,9,5.0,5.0,5.0,5.0,5.0,5.0,5.0
Jawa Tengah,Sragen,Sragen 1,77.8,5.778,5.556,5.407407407407407,1.746031746031746,3.661375661375661,9,5.666666666666667,5.333333333333333,5.555555555555555,5.555555555555555,5.777777777777778,5.4,5.75
Jawa Tengah,Surakarta,Surakarta 1,100.0,5.944,5.944,5.95679012345679,1.1666666666666667,4.790123456790123,18,6.0,5.777777777777778,6.0,5.833333333333333,6.0,6.0,6.0
Jawa Tengah,Tegal,Tegal 1,83.3,5.833,5.778,5.833333333333333,1.1111111111111112,4.722222222222222,18,5.944444444444445,5.833333333333333,5.833333333333333,5.888888888888889,5.833333333333333,6.0,5.8
Jawa Timur,Surabaya,Surabaya 1,72.2,5.833,5.889,5.3580246913580245,1.3412698412698412,4.016754850088184,18,5.333333333333333,5.333333333333333,5.222222222222222,5.722222222222222,5.833333333333333,5.7272727272727275,5.733333333333333
Jawa Timur,Surabaya,Surabaya 2,55.6,6.0,6.0,5.814814814814815,1.126984126984127,4.6878306878306875,9,6.0,5.888888888888889,5.888888888888889,6.0,5.777777777777778,5.8,6.0
Kalimantan Selatan,Banjarbaru,Banjarbaru 1,100.0,6.0,6.0,6.0,1.0,5.0,9,6.0,5.888888888888889,6.0,6.0,6.0,6.0,6.0
Kalimantan Selatan,Banjarmasin,Banjarmasin 1,88.9,6.0,6.0,5.981481481481482,1.1666666666666667,4.814814814814815,18,6.0,5.944444444444445,5.944444444444445,6.0,6.0,6.0,6.0
Kalimantan Timur,Balikpapan,Balikpapan 1,44.4,5.389,5.333,5.314814814814815,2.126984126984127,3.187830687830688,18,5.333333333333333,5.333333333333333,5.444444444444445,5.5,5.555555555555555,5.363636363636363,5.5
Kalimantan Timur,Samarinda,Samarinda 1,88.9,5.889,5.778,5.851851851851851,1.4603174603174602,4.391534391534392,9,5.888888888888889,5.444444444444445,5.666666666666667,5.888888888888889,5.888888888888889,5.833333333333333,6.0
Kepulauan Riau,Batam,Batam 1,33.3,5.556,5.444,4.84567901234568,1.9206349206349205,2.9250440917107583,18,5.611111111111111,5.611111111111111,5.5,5.611111111111111,5.722222222222222,5.583333333333333,5.666666666666667
Kepulauan Riau,Tanjung Pinang,Tanjung Pinang 1,100.0,6.0,6.0,5.938271604938271,1.0317460317460319,4.90652557319224,9,6.0,6.0,5.888888888888889,5.888888888888889,6.0,6.0,6.0
Lampung,Bandar Lampung,Bandar Lampung 1,88.9,5.722,5.833,5.351851851851851,1.7222222222222223,3.6296296296296293,18,5.055555555555555,5.444444444444445,5.555555555555555,5.444444444444445,5.611111111111111,5.777777777777778,5.444444444444445
Lampung,Lampung Tengah,Lampung Tengah 1,55.6,5.889,6.0,5.679012345679013,2.9206349206349205,2.758377425044092,9,5.333333333333333,5.222222222222222,5.444444444444445,5.666666666666667,5.777777777777778,5.4,6.0
Riau,Pekanbaru,Pekanbaru 1,77.8,5.944,5.944,5.839506172839506,1.2380952380952381,4.601410934744268,18,5.888888888888889,5.833333333333333,5.833333333333333,5.944444444444445,5.888888888888889,6.0,5.8
Sulawesi Selatan,Gowa,Gowa 1,100.0,6.0,6.0,5.827160493827161,1.0,4.827160493827161,9,5.888888888888889,5.888888888888889,5.777777777777778,5.888888888888889,5.888888888888889,6.0,5.857142857142857
Sulawesi Selatan,Makassar,Makassar 1,100.0,6.0,6.0,5.987654320987654,1.0555555555555556,4.932098765432098,18,6.0,6.0,6.0,6.0,6.0,6.0,6.0
Sumatera Selatan,Ogan Ilir,Ogan Ilir 1,100.0,6.0,5.889,5.91358024691358,1.2222222222222223,4.6913580246913575,9,6.0,5.777777777777778,6.0,6.0,6.0,6.0,6.0
Sumatera Selatan,Palembang,Palembang 1,77.8,5.944,6.0,5.9753086419753085,1.2063492063492065,4.768959435626103,18,6.0,5.888888888888889,6.0,5.944444444444445,6.0,6.0,6.0
Sumatera Utara,Medan,Medan 1,50.0,5.889,5.778,5.84567901234568,1.2380952380952381,4.607583774250441,18,5.888888888888889,5.944444444444445,5.888888888888889,5.944444444444445,6.0,5.909090909090909,6.0
